temperature,humidity,cases
0.0,-0.2672612419124251,5
1.224744871391589,-1.0690449676496983,7
0.0,1.336306209562121,2
-1.224744871391589,0.0,4
